# Force HTTPS and redirect www to non-www
http://odoo-experten-deutschland.de/* https://odoo-experten-deutschland.de/:splat 301!
http://www.odoo-experten-deutschland.de/* https://odoo-experten-deutschland.de/:splat 301!
https://www.odoo-experten-deutschland.de/* https://odoo-experten-deutschland.de/:splat 301!

# Favicon redirect (SVG is the modern format)
/favicon.ico /favicon.svg 301

# Fix 404 errors - Missing .html extensions for Odoo pages
/odoo/19-odoo-19-ai-server-actions /odoo/19-odoo-19-ai-server-actions.html 301
/odoo/19-odoo-19-ai-vorteile-nutzen /odoo/19-odoo-19-ai-vorteile-nutzen.html 301
/odoo/19-odoo-19-alternative-erp /odoo/19-odoo-19-alternative-erp.html 301
/odoo/19-odoo-19-benutzerfreundlichkeit /odoo/19-odoo-19-benutzerfreundlichkeit.html 301
/odoo/19-odoo-19-community-edition /odoo/19-odoo-19-community-edition.html 301
/odoo/19-odoo-19-compliance-legal /odoo/19-odoo-19-compliance-legal.html 301
/odoo/19-odoo-19-datenbank-performance /odoo/19-odoo-19-datenbank-performance.html 301
/odoo/19-odoo-19-demo-preview /odoo/19-odoo-19-demo-preview.html 301
/odoo/19-odoo-19-enterprise-edition /odoo/19-odoo-19-enterprise-edition.html 301
/odoo/19-odoo-19-entwicklung-custom /odoo/19-odoo-19-entwicklung-custom.html 301
/odoo/19-odoo-19-kosten-preise-upgrade /odoo/19-odoo-19-kosten-preise-upgrade.html 301
/odoo/19-odoo-19-performance-speed /odoo/19-odoo-19-performance-speed.html 301
/odoo/19-odoo-19-reporting-analytics /odoo/19-odoo-19-reporting-analytics.html 301
/odoo/19-odoo-19-roadmap-zukunft /odoo/19-odoo-19-roadmap-zukunft.html 301
/odoo/19-odoo-19-sandbox-test /odoo/19-odoo-19-sandbox-test.html 301
/odoo/19-odoo-19-schneller-performance /odoo/19-odoo-19-schneller-performance.html 301
/odoo/19-odoo-19-success-stories /odoo/19-odoo-19-success-stories.html 301
/odoo/19-odoo-19-system-requirements /odoo/19-odoo-19-system-requirements.html 301
/odoo/19-odoo-19-troubleshooting /odoo/19-odoo-19-troubleshooting.html 301
/odoo/19-odoo-19-wartung-support /odoo/19-odoo-19-wartung-support.html 301
/odoo/alternative-zu-odoo /odoo/alternative-zu-odoo.html 301
/odoo/buchhaltung-mit-odoo /odoo/buchhaltung-mit-odoo.html 301
/odoo/erfahrungen-mit-odoo /odoo/erfahrungen-mit-odoo.html 301
/odoo/how-odoo-works /odoo/how-odoo-works.html 301
/odoo/odoo-anpassungen-entwicklung /odoo/odoo-anpassungen-entwicklung.html 301
/odoo/odoo-api /odoo/odoo-api.html 301
/odoo/odoo-auf-eigenem-server /odoo/odoo-auf-eigenem-server.html 301
/odoo/odoo-backup /odoo/odoo-backup.html 301
/odoo/odoo-business-cases /odoo/odoo-business-cases.html 301
/odoo/odoo-business-intelligence /odoo/odoo-business-intelligence.html 301
/odoo/odoo-consulting /odoo/odoo-consulting.html 301
/odoo/odoo-crm /odoo/odoo-crm.html 301
/odoo/odoo-customization /odoo/odoo-customization.html 301
/odoo/odoo-deployment /odoo/odoo-deployment.html 301
/odoo/odoo-e-invoice /odoo/odoo-e-invoice.html 301
/odoo/odoo-ecommerce /odoo/odoo-ecommerce.html 301
/odoo/odoo-einrichten /odoo/odoo-einrichten.html 301
/odoo/odoo-erp-vorteile /odoo/odoo-erp-vorteile.html 301
/odoo/odoo-fuer-handwerker /odoo/odoo-fuer-handwerker.html 301
/odoo/odoo-fuer-kleinunternehmen /odoo/odoo-fuer-kleinunternehmen.html 301
/odoo/odoo-fuer-vereine /odoo/odoo-fuer-vereine.html 301
/odoo/odoo-implementation-best-practices /odoo/odoo-implementation-best-practices.html 301
/odoo/odoo-in-docker /odoo/odoo-in-docker.html 301
/odoo/odoo-in-ubuntu /odoo/odoo-in-ubuntu.html 301
/odoo/odoo-integration /odoo/odoo-integration.html 301
/odoo/odoo-kosten /odoo/odoo-kosten.html 301
/odoo/odoo-logistics /odoo/odoo-logistics.html 301
/odoo/odoo-maintenance /odoo/odoo-maintenance.html 301
/odoo/odoo-manufacturing /odoo/odoo-manufacturing.html 301
/odoo/odoo-migration /odoo/odoo-migration.html 301
/odoo/odoo-mobile /odoo/odoo-mobile.html 301
/odoo/odoo-module-uebersicht /odoo/odoo-module-uebersicht.html 301
/odoo/odoo-module /odoo/odoo-module.html 301
/odoo/odoo-partner /odoo/odoo-partner.html 301
/odoo/odoo-performance /odoo/odoo-performance.html 301
/odoo/odoo-pos /odoo/odoo-pos.html 301
/odoo/odoo-reporting /odoo/odoo-reporting.html 301
/odoo/odoo-scalability /odoo/odoo-scalability.html 301
/odoo/odoo-security /odoo/odoo-security.html 301
/odoo/odoo-stellenangebote /odoo/odoo-stellenangebote.html 301
/odoo/odoo-systemhaus /odoo/odoo-systemhaus.html 301
/odoo/odoo-training /odoo/odoo-training.html 301
/odoo/odoo-vor-und-nachteile /odoo/odoo-vor-und-nachteile.html 301
/odoo/odoo-vs-competitors /odoo/odoo-vs-competitors.html 301
/odoo/odoo-vs-sap-vergleich /odoo/odoo-vs-sap-vergleich.html 301
/odoo/odoo-warehouse /odoo/odoo-warehouse.html 301
/odoo/odoo-workflow-automation /odoo/odoo-workflow-automation.html 301
/odoo/was-ist-odoo /odoo/was-ist-odoo.html 301
/odoo/wer-nutzt-odoo /odoo/wer-nutzt-odoo.html 301
/odoo/zeiterfassung-mit-odoo /odoo/zeiterfassung-mit-odoo.html 301

# Fix 404 errors - Missing .html extensions for Odoo 19 pages
/odoo-19/19-odoo-19-ai-text-fields-content /odoo-19/19-odoo-19-ai-text-fields-content.html 301
/odoo-19/19-odoo-19-automatisierung-prozesse /odoo-19/19-odoo-19-automatisierung-prozesse.html 301
/odoo-19/19-odoo-19-backup-strategy /odoo-19/19-odoo-19-backup-strategy.html 301
/odoo-19/19-odoo-19-best-practices /odoo-19/19-odoo-19-best-practices.html 301
/odoo-19/19-odoo-19-business-benefits-roi /odoo-19/19-odoo-19-business-benefits-roi.html 301
/odoo-19/19-odoo-19-change-management /odoo-19/19-odoo-19-change-management.html 301
/odoo-19/19-odoo-19-cloud-ready /odoo-19/19-odoo-19-cloud-ready.html 301
/odoo-19/19-odoo-19-consulting-beratung /odoo-19/19-odoo-19-consulting-beratung.html 301
/odoo-19/19-odoo-19-deutsche-unternehmen /odoo-19/19-odoo-19-deutsche-unternehmen.html 301
/odoo-19/19-odoo-19-erfolg-messen-kpis /odoo-19/19-odoo-19-erfolg-messen-kpis.html 301
/odoo-19/19-odoo-19-funktionen-liste /odoo-19/19-odoo-19-funktionen-liste.html 301
/odoo-19/19-odoo-19-hosting-requirements /odoo-19/19-odoo-19-hosting-requirements.html 301
/odoo-19/19-odoo-19-implementation-guide /odoo-19/19-odoo-19-implementation-guide.html 301
/odoo-19/19-odoo-19-industry-templates /odoo-19/19-odoo-19-industry-templates.html 301
/odoo-19/19-odoo-19-ki-features-business /odoo-19/19-odoo-19-ki-features-business.html 301
/odoo-19/19-odoo-19-kleine-unternehmen-kmu /odoo-19/19-odoo-19-kleine-unternehmen-kmu.html 301
/odoo-19/19-odoo-19-lizenz-subscription /odoo-19/19-odoo-19-lizenz-subscription.html 301
/odoo-19/19-odoo-19-lohnt-sich-upgrade /odoo-19/19-odoo-19-lohnt-sich-upgrade.html 301
/odoo-19/19-odoo-19-manufacturing-mrp /odoo-19/19-odoo-19-manufacturing-mrp.html 301
/odoo-19/19-odoo-19-migration-kosten /odoo-19/19-odoo-19-migration-kosten.html 301
/odoo-19/19-odoo-19-mobile-optimierung /odoo-19/19-odoo-19-mobile-optimierung.html 301
/odoo-19/19-odoo-19-neue-features-ki /odoo-19/19-odoo-19-neue-features-ki.html 301
/odoo-19/19-odoo-19-neue-features /odoo-19/19-odoo-19-neue-features.html 301
/odoo-19/19-odoo-19-personalkosten-sparen /odoo-19/19-odoo-19-personalkosten-sparen.html 301
/odoo-19/19-odoo-19-pos-updates-retail /odoo-19/19-odoo-19-pos-updates-retail.html 301
/odoo-19/19-odoo-19-projektplanung /odoo-19/19-odoo-19-projektplanung.html 301
/odoo-19/19-odoo-19-release-datum /odoo-19/19-odoo-19-release-datum.html 301
/odoo-19/19-odoo-19-skalierung-wachstum /odoo-19/19-odoo-19-skalierung-wachstum.html 301
/odoo-19/19-odoo-19-update-strategie /odoo-19/19-odoo-19-update-strategie.html 301
/odoo-19/19-odoo-19-upgrade-guide /odoo-19/19-odoo-19-upgrade-guide.html 301
/odoo-19/19-odoo-19-upgrade-migration-guide /odoo-19/19-odoo-19-upgrade-migration-guide.html 301
/odoo-19/19-odoo-19-vs-18-vergleich /odoo-19/19-odoo-19-vs-18-vergleich.html 301
/odoo-19/19-odoo-19-wettbewerbsvorteil /odoo-19/19-odoo-19-wettbewerbsvorteil.html 301
/odoo-19/19-odoo-19-zeitersparnis-effizienz /odoo-19/19-odoo-19-zeitersparnis-effizienz.html 301
/odoo-19/19-odoo-19-zukunftssicher /odoo-19/19-odoo-19-zukunftssicher.html 301
/odoo-19/19-wann-kommt-odoo-19-release /odoo-19/19-wann-kommt-odoo-19-release.html 301
/odoo-19/odoo-19-ai-automation-workflows /odoo-19/odoo-19-ai-automation-workflows.html 301
/odoo-19/odoo-19-banking-accounting /odoo-19/odoo-19-banking-accounting.html 301
/odoo-19/odoo-19-benutzerfreundlichkeit /odoo-19/odoo-19-benutzerfreundlichkeit.html 301
/odoo-19/odoo-19-chatbot-customer-service /odoo-19/odoo-19-chatbot-customer-service.html 301
/odoo-19/odoo-19-datenbank-performance /odoo-19/odoo-19-datenbank-performance.html 301
/odoo-19/odoo-19-entwicklung-custom /odoo-19/odoo-19-entwicklung-custom.html 301
/odoo-19/odoo-19-expert-consultant /odoo-19/odoo-19-expert-consultant.html 301
/odoo-19/odoo-19-feedback-reviews /odoo-19/odoo-19-feedback-reviews.html 301
/odoo-19/odoo-19-integration-apis /odoo-19/odoo-19-integration-apis.html 301
/odoo-19/odoo-19-kommunikation-voip /odoo-19/odoo-19-kommunikation-voip.html 301
/odoo-19/odoo-19-mobile-app-updates /odoo-19/odoo-19-mobile-app-updates.html 301
/odoo-19/odoo-19-partner-certified /odoo-19/odoo-19-partner-certified.html 301
/odoo-19/odoo-19-performance-speed /odoo-19/odoo-19-performance-speed.html 301
/odoo-19/odoo-19-release-date-september /odoo-19/odoo-19-release-date-september.html 301
/odoo-19/odoo-19-risiken-challenges /odoo-19/odoo-19-risiken-challenges.html 301
/odoo-19/odoo-19-roi-calculator /odoo-19/odoo-19-roi-calculator.html 301
/odoo-19/odoo-19-security-features /odoo-19/odoo-19-security-features.html 301
/odoo-19/odoo-19-success-stories /odoo-19/odoo-19-success-stories.html 301
/odoo-19/odoo-19-team-vorbereitung /odoo-19/odoo-19-team-vorbereitung.html 301
/odoo-19/odoo-19-training-schulung /odoo-19/odoo-19-training-schulung.html 301
/odoo-19/odoo-19-trends-market /odoo-19/odoo-19-trends-market.html 301
/odoo-19/odoo-19-voip-integration-calls /odoo-19/odoo-19-voip-integration-calls.html 301

# Fix 404 errors - Missing .html extensions for Odoo hosting pages
/odoo-hosting/aws-odoo-hosting-setup /odoo-hosting/aws-odoo-hosting-setup.html 301
/odoo-hosting/best-odoo-hosting-provider /odoo-hosting/best-odoo-hosting-provider.html 301
/odoo-hosting/free-odoo-hosting-trial /odoo-hosting/free-odoo-hosting-trial.html 301
/odoo-hosting/guenstige-odoo-hosting-kosten /odoo-hosting/guenstige-odoo-hosting-kosten.html 301
/odoo-hosting/hosting-best-cloud-odoo-hosting /odoo-hosting/hosting-best-cloud-odoo-hosting.html 301
/odoo-hosting/hosting-cheap-odoo-hosting-budget /odoo-hosting/hosting-cheap-odoo-hosting-budget.html 301
/odoo-hosting/hosting-digitalocean-odoo-hosting /odoo-hosting/hosting-digitalocean-odoo-hosting.html 301
/odoo-hosting/hosting-erp-alternativen-vergleich-2025 /odoo-hosting/hosting-erp-alternativen-vergleich-2025.html 301
/odoo-hosting/hosting-install-odoo-hosting-guide /odoo-hosting/hosting-install-odoo-hosting-guide.html 301
/odoo-hosting/hosting-ionos-odoo-hosting-reality /odoo-hosting/hosting-ionos-odoo-hosting-reality.html 301
/odoo-hosting/hosting-odoo-ai-costs-ki-preise /odoo-hosting/hosting-odoo-ai-costs-ki-preise.html 301
/odoo-hosting/hosting-odoo-ai-trends-ki-zukunft /odoo-hosting/hosting-odoo-ai-trends-ki-zukunft.html 301
/odoo-hosting/hosting-odoo-azure-hosting-microsoft /odoo-hosting/hosting-odoo-azure-hosting-microsoft.html 301
/odoo-hosting/hosting-odoo-community-hosting /odoo-hosting/hosting-odoo-community-hosting.html 301
/odoo-hosting/hosting-odoo-dedicated-server-hosting /odoo-hosting/hosting-odoo-dedicated-server-hosting.html 301
/odoo-hosting/hosting-odoo-domain-hosting-setup /odoo-hosting/hosting-odoo-domain-hosting-setup.html 301
/odoo-hosting/hosting-odoo-email-hosting-integration /odoo-hosting/hosting-odoo-email-hosting-integration.html 301
/odoo-hosting/hosting-odoo-future-hosting-zukunftssicher /odoo-hosting/hosting-odoo-future-hosting-zukunftssicher.html 301
/odoo-hosting/hosting-odoo-hosting-automation /odoo-hosting/hosting-odoo-hosting-automation.html 301
/odoo-hosting/hosting-odoo-hosting-backup-recovery /odoo-hosting/hosting-odoo-hosting-backup-recovery.html 301
/odoo-hosting/hosting-odoo-hosting-bandwidth-requirements /odoo-hosting/hosting-odoo-hosting-bandwidth-requirements.html 301
/odoo-hosting/hosting-odoo-hosting-charges-pricing /odoo-hosting/hosting-odoo-hosting-charges-pricing.html 301
/odoo-hosting/hosting-odoo-hosting-comparison-guide /odoo-hosting/hosting-odoo-hosting-comparison-guide.html 301
/odoo-hosting/hosting-odoo-hosting-compliance-standards /odoo-hosting/hosting-odoo-hosting-compliance-standards.html 301
/odoo-hosting/hosting-odoo-hosting-configuration /odoo-hosting/hosting-odoo-hosting-configuration.html 301
/odoo-hosting/hosting-odoo-hosting-consulting /odoo-hosting/hosting-odoo-hosting-consulting.html 301
/odoo-hosting/hosting-odoo-hosting-deutschland-dsgvo /odoo-hosting/hosting-odoo-hosting-deutschland-dsgvo.html 301
/odoo-hosting/hosting-odoo-hosting-disaster-recovery /odoo-hosting/hosting-odoo-hosting-disaster-recovery.html 301
/odoo-hosting/hosting-odoo-hosting-locations-centers /odoo-hosting/hosting-odoo-hosting-locations-centers.html 301
/odoo-hosting/hosting-odoo-hosting-migration-service /odoo-hosting/hosting-odoo-hosting-migration-service.html 301
/odoo-hosting/hosting-odoo-hosting-monitoring /odoo-hosting/hosting-odoo-hosting-monitoring.html 301
/odoo-hosting/hosting-odoo-hosting-performance /odoo-hosting/hosting-odoo-hosting-performance.html 301
/odoo-hosting/hosting-odoo-hosting-platform-tech /odoo-hosting/hosting-odoo-hosting-platform-tech.html 301
/odoo-hosting/hosting-odoo-hosting-provider-list /odoo-hosting/hosting-odoo-hosting-provider-list.html 301
/odoo-hosting/hosting-odoo-hosting-reliability-uptime /odoo-hosting/hosting-odoo-hosting-reliability-uptime.html 301
/odoo-hosting/hosting-odoo-hosting-reviews-erfahrungen /odoo-hosting/hosting-odoo-hosting-reviews-erfahrungen.html 301
/odoo-hosting/hosting-odoo-hosting-roi-analysis /odoo-hosting/hosting-odoo-hosting-roi-analysis.html 301
/odoo-hosting/hosting-odoo-hosting-scalability /odoo-hosting/hosting-odoo-hosting-scalability.html 301
/odoo-hosting/hosting-odoo-hosting-schweiz /odoo-hosting/hosting-odoo-hosting-schweiz.html 301
/odoo-hosting/hosting-odoo-hosting-security-dsgvo /odoo-hosting/hosting-odoo-hosting-security-dsgvo.html 301
/odoo-hosting/hosting-odoo-hosting-setup-guide /odoo-hosting/hosting-odoo-hosting-setup-guide.html 301
/odoo-hosting/hosting-odoo-hosting-solutions /odoo-hosting/hosting-odoo-hosting-solutions.html 301
/odoo-hosting/hosting-odoo-hosting-ssl-security /odoo-hosting/hosting-odoo-hosting-ssl-security.html 301
/odoo-hosting/hosting-odoo-hosting-support-247 /odoo-hosting/hosting-odoo-hosting-support-247.html 301
/odoo-hosting/hosting-odoo-hosting-tco-analysis /odoo-hosting/hosting-odoo-hosting-tco-analysis.html 301
/odoo-hosting/hosting-odoo-hosting-trends-2025 /odoo-hosting/hosting-odoo-hosting-trends-2025.html 301
/odoo-hosting/hosting-odoo-hosting-types-comparison /odoo-hosting/hosting-odoo-hosting-types-comparison.html 301
/odoo-hosting/hosting-odoo-hosting-uptime-sla /odoo-hosting/hosting-odoo-hosting-uptime-sla.html 301
/odoo-hosting/hosting-odoo-local-hosting-regional /odoo-hosting/hosting-odoo-local-hosting-regional.html 301
/odoo-hosting/hosting-odoo-managed-services /odoo-hosting/hosting-odoo-managed-services.html 301
/odoo-hosting/hosting-odoo-shared-hosting-starter /odoo-hosting/hosting-odoo-shared-hosting-starter.html 301
/odoo-hosting/hosting-odoo-vps-hosting-virtual /odoo-hosting/hosting-odoo-vps-hosting-virtual.html 301
/odoo-hosting/hosting-odoo-website-hosting /odoo-hosting/hosting-odoo-website-hosting.html 301
/odoo-hosting/odoo-ai-automation-ki-workflows /odoo-hosting/odoo-ai-automation-ki-workflows.html 301
/odoo-hosting/odoo-ai-hosting-ki-ready /odoo-hosting/odoo-ai-hosting-ki-ready.html 301
/odoo-hosting/odoo-ai-website-ki-integration /odoo-hosting/odoo-ai-website-ki-integration.html 301
/odoo-hosting/odoo-backup-strategien /odoo-hosting/odoo-backup-strategien.html 301
/odoo-hosting/odoo-chatbot-hosting-ai-chat /odoo-hosting/odoo-chatbot-hosting-ai-chat.html 301
/odoo-hosting/odoo-cloud-vs-on-premise /odoo-hosting/odoo-cloud-vs-on-premise.html 301
/odoo-hosting/odoo-enterprise-hosting /odoo-hosting/odoo-enterprise-hosting.html 301
/odoo-hosting/odoo-hosting-deutschland /odoo-hosting/odoo-hosting-deutschland.html 301
/odoo-hosting/odoo-hosting-migration /odoo-hosting/odoo-hosting-migration.html 301
/odoo-hosting/odoo-hosting-oesterreich /odoo-hosting/odoo-hosting-oesterreich.html 301
/odoo-hosting/odoo-hosting-performance-optimierung /odoo-hosting/odoo-hosting-performance-optimierung.html 301
/odoo-hosting/odoo-hosting-price-cost /odoo-hosting/odoo-hosting-price-cost.html 301
/odoo-hosting/odoo-hosting-requirements /odoo-hosting/odoo-hosting-requirements.html 301
/odoo-hosting/odoo-hosting-sicherheit /odoo-hosting/odoo-hosting-sicherheit.html 301
/odoo-hosting/odoo-ki-features-kuenstliche-intelligenz /odoo-hosting/odoo-ki-features-kuenstliche-intelligenz.html 301
/odoo-hosting/odoo-machine-learning-ml-hosting /odoo-hosting/odoo-machine-learning-ml-hosting.html 301
/odoo-hosting/odoo-selbst-hosten-anleitung /odoo-hosting/odoo-selbst-hosten-anleitung.html 301
/odoo-hosting/odoo-smart-features-ai-tools /odoo-hosting/odoo-smart-features-ai-tools.html 301

# Special redirects for commonly misspelled or alternative URLs
/odoo-hosting/odoo-hosting-optionen /odoo-hosting/hosting-odoo-hosting-solutions.html 301
/odoo-hosting/odoo-managed-services /odoo-hosting/hosting-odoo-managed-services.html 301
/odoo-hosting/odoo-sh-vergleich /odoo-hosting/odoo-cloud-vs-on-premise.html 301
/odoo-hosting/hosting-sicherheit /odoo-hosting/odoo-hosting-sicherheit.html 301
/odoo/odoo-crm-grundlagen /odoo/odoo-crm.html 301
/odoo/dsgvo-compliance-guide /odoo/19-odoo-19-compliance-legal.html 301
/odoo/odoo-dsgvo-compliance /odoo/19-odoo-19-compliance-legal.html 301
/odoo/odoo-beratung /odoo/odoo-consulting.html 301
/odoo/odoo-dashboard /odoo/odoo-business-intelligence.html 301
/odoo-19/ki-integration /odoo-19/19-odoo-19-ki-features-business.html 301

# Handle root-level requests for missing pages
/odoo-hosting-rechner /odoo-hosting-rechner.html 301
/cookie-richtlinien /cookie-richtlinien.html 301
/datenschutz /datenschutz.html 301
/impressum /impressum.html 301

# Catch-all for any other missing .html extensions (must be last)
/:section/:page /:section/:page.html 301